question_id,sample_id,gold_answer,predicted_answer,is_correct,tokenized_trace
45,9,2,__LLM_VALIDATED_WRONG__,False,MISSING
45,0,2,2,True,action:analyze action:analyze action:derive-intermediate action:simplify milestone:key-relation:linear-proportional action:instantiate action:apply-formula action:compute milestone:derived:intermediate-relation action:compute milestone:derived:closed-form action:conclude
49,6,83,__LLM_VALIDATED_WRONG__,False,MISSING
49,0,83,83,True,action:analyze action:compute milestone:simplified:expression action:compute milestone:simplified:expression action:compute milestone:key-relation:expr=const action:conclude
52,9,12,__LLM_VALIDATED_WRONG__,False,strategy:plan-stepwise action:compute action:compute
52,0,12,12,True,strategy:plan-stepwise action:analyze action:compute action:compute action:compute milestone:key-relation:numerator-computed action:compute milestone:key-relation:denominator-simplified action:analyze action:apply-formula milestone:key-relation:sqrt-computed action:simplify action:compute action:conclude
68,1,46,47,False,action:analyze strategy:choose_representation action:instantiate action:rewrite action:rewrite action:derive_intermediate milestone:key_relation:tan_x=(a+b)/(ab-1) strategy:set_subgoal action:instantiate action:instantiate action:compute milestone:computed_numeric:numerator=7 action:compute milestone:computed_numeric:denominator≈7.507 action:compute milestone:computed_numeric:tan_x≈1.075 action:compute milestone:computed_numeric:x≈47 action:instantiate milestone:verified_solution:x=47° satisfies original equation action:compare action:conclude
68,0,46,46,True,action:analyze action:apply_formula action:apply_formula action:rewrite action:rewrite action:rewrite action:rewrite action:derive_intermediate milestone:key_relation action:compare action:conclude action:conclude
92,0,\frac{448}{15625},\frac{2240}{78125},False,strategy:choose-representation action:analyze action:instantiate strategy:set-subgoal action:derive-intermediate milestone:key-relation:binomial-coefficient strategy:set-subgoal action:compute action:compute action:apply-formula action:derive-intermediate milestone:key-relation:probability-formula action:simplify milestone:derived:closed-form action:conclude
92,1,\frac{448}{15625},\frac{448}{15625},True,strategy:choose-representation action:analyze strategy:set-subgoal action:rewrite action:compute milestone:key-relation:binomial-coefficient strategy:set-subgoal action:instantiate action:compute action:instantiate action:compute action:instantiate milestone:key-relation:probability-formula action:compute action:simplify milestone:derived:closed-form
114,5,-5,__LLM_VALIDATED_WRONG__,False,MISSING
114,0,-5,-5,True,strategy:plan-representation action:rewrite action:rewrite action:derive-intermediate milestone:key-relation:expr-equality action:rewrite action:rewrite action:analyze action:derive-intermediate milestone:derived:system-of-equations strategy:plan-reduction action:instantiate action:instantiate action:rewrite action:compute action:compute action:compute action:compute action:instantiate action:compute action:conclude
120,7,\text{even},odd,False,strategy:set-subgoal strategy:choose-representation action:instantiate action:apply-formula action:apply-formula action:instantiate milestone:key-relation action:apply-formula milestone:key-relation action:apply-formula milestone:key-relation action:rewrite milestone:key-relation action:apply-formula milestone:key-relation action:apply-formula milestone:key-relation action:rewrite milestone:derived-parity action:conclude
120,0,\text{even},even,True,strategy:set-subgoal action:apply-formula action:apply-formula strategy:set-subgoal action:analyze action:apply-formula action:apply-formula action:conclude milestone:derived-parity strategy:set-subgoal action:analyze action:apply-formula action:conclude milestone:derived-parity strategy:set-subgoal action:analyze action:apply-formula action:conclude milestone:derived-parity action:conclude milestone:derived-parity
150,0,1,3,False,action:analyze milestone:understood-definition action:case_split action:analyze action:instantiate action:compute milestone:pattern-repetition strategy:reduce-modulo action:apply_formula action:compute milestone:reduced-i-modulo action:rewrite action:instantiate action:compute milestone:final-answer
150,7,1,1,True,"action:analyze milestone:key-relation:f(0,j)=mod_5(j+1) action:analyze action:case_split action:instantiate action:compute milestone:key-relation:f(1,1)=2 action:instantiate action:compute milestone:key-relation:f(1,2)=3 action:instantiate action:compute milestone:key-relation:f(1,3)=4 action:instantiate action:compute milestone:key-relation:f(1,4)=0 action:instantiate action:compute milestone:key-relation:f(1,0)=2 action:analyze milestone:derived:closed-form:f(i,0)=2"
165,8,\frac{4}{9},\frac{1}{3},False,action:analyze action:instantiate action:compute milestone:derived:books-taken=6 action:compute milestone:derived:initial-total=24 action:compute milestone:derived:remaining-per-shelf action:compute milestone:derived:remaining-total=18 action:compute milestone:derived:math-remaining=6 action:instantiate action:compute milestone:derived:fraction=1/3 action:rewrite action:simplify milestone:derived:final-fraction=1/3
165,0,\frac{4}{9},\frac{4}{9},True,action:analyze action:instantiate action:compute milestone:derived:top=6 action:instantiate action:compute milestone:derived:middle=8 action:instantiate action:compute milestone:derived:bottom=4 action:compute milestone:derived:total=18 action:instantiate action:compute milestone:derived:middle-math=8 action:instantiate action:simplify milestone:derived:fraction=4/9
167,6,65,__LLM_VALIDATED_WRONG__,False,action:analyze action:apply-formula action:analyze
167,0,65,65,True,action:apply-formula action:analyze action:instantiate action:compute milestone:key-relation:expr=const action:apply-formula milestone:key-relation:expr=const action:conclude
169,12,12,__LLM_VALIDATED_WRONG__,False,strategy:choose-representation action:analyze action:instantiate action:instantiate action:instantiate action:analyze action:compute milestone:computed:value:leg=3
169,0,12,12,True,strategy:plan-apply-formula strategy:choose-representation action:analyze action:instantiate action:analyze action:apply-formula action:simplify action:derive-intermediate milestone:key-relation:h^2=16 action:instantiate milestone:computed:value:h=4 strategy:set-subgoal action:apply-formula action:substitute action:compute milestone:computed:value:A=12
172,3,350,350,False,MISSING
172,0,350,350,True,action:apply-formula action:analyze action:derive-intermediate milestone:established:system-of-equations action:derive-intermediate milestone:key-relation:linear action:rewrite action:compute strategy:plan-substitution action:instantiate action:compute action:rewrite action:compute strategy:set-subgoal action:apply-formula action:instantiate action:compute action:compute action:conclude
183,9,23,__LLM_VALIDATED_WRONG__,False,MISSING
183,0,23,23,True,strategy:set-subgoal action:rewrite milestone:key-relation:x=y action:rewrite milestone:key-relation:x=y action:rewrite strategy:set-subgoal action:rewrite milestone:key-relation:x=y action:rewrite milestone:key-relation:x=y action:rewrite milestone:key-relation:x=y action:rewrite milestone:key-relation:x=y action:compute milestone:combined-fraction action:compute milestone:simplified-expression action:compute milestone:simplified-expression action:simplify milestone:derived:closed-form strategy:set-subgoal action:compute milestone:key-relation:expr=const action:conclude
185,6,1,__LLM_VALIDATED_WRONG__,False,action:analyze action:simplify
185,0,1,1,True,strategy:subgoal-setting action:apply-formula milestone:key-relation:(3^k)^6=3^{6k} action:derive-intermediate milestone:key-relation:3^{6k}=3^6 action:derive-intermediate milestone:key-relation:6k=6 action:compute action:conclude milestone:key-relation:k=1
189,0,160,366,False,action:analyze strategy:choose_representation action:instantiate action:instantiate action:instantiate action:instantiate action:instantiate action:apply_formula action:compute milestone:key_relation action:apply_formula action:compute milestone:key_relation action:apply_formula action:compute milestone:key_relation action:rewrite action:simplify milestone:key_relation strategy:set_subgoal action:rewrite action:compute milestone:key_relation action:compute milestone:computed_intermediate action:compute milestone:key_relation action:compute milestone:computed_intermediate action:substitute action:compute milestone:derived_closed_form action:instantiate action:apply_formula action:compute milestone:computed_intermediate action:compute milestone:derived_closed_form action:compute milestone:computed_intermediate action:compute milestone:computed_intermediate action:compute milestone:computed_intermediate action:compute milestone:computed_intermediate action:conclude
189,27,160,160,True,strategy:plan_computation action:analyze action:analyze action:instantiate action:apply_formula action:rewrite action:compute action:compute action:compute milestone:computed_intermediate
