question_id,sample_id,gold_answer,predicted_answer,is_correct,tokenized_trace,trace_id,tokens,trace_len
45,0,2,2,True,analyze apply-formula rewrite compute instantiate apply-formula compute compute conclude,45:0,analyze|apply-formula|rewrite|compute|instantiate|apply-formula|compute|compute|conclude,9
45,1,2,2,True,analyze instantiate apply-formula rewrite compute compute compute compute compute rewrite compute conclude,45:1,analyze|instantiate|apply-formula|rewrite|compute|compute|compute|compute|compute|rewrite|compute|conclude,12
45,2,2,2,True,analyze instantiate rewrite compute apply-formula compute conclude,45:2,analyze|instantiate|rewrite|compute|apply-formula|compute|conclude,7
45,3,2,2,True,analyze apply-formula rewrite compute apply-formula compute rewrite compute conclude,45:3,analyze|apply-formula|rewrite|compute|apply-formula|compute|rewrite|compute|conclude,9
45,4,2,2,True,analyze rewrite rewrite compute conclude,45:4,analyze|rewrite|rewrite|compute|conclude,5
45,5,2,2,True,analyze analyze analyze apply-formula rewrite rewrite compute compute compute compute compute compute compute conclude,45:5,analyze|analyze|analyze|apply-formula|rewrite|rewrite|compute|compute|compute|compute|compute|compute|compute|conclude,14
45,6,2,2,True,analyze apply-formula rewrite compute instantiate apply-formula compute compute compute compute apply-formula compute conclude,45:6,analyze|apply-formula|rewrite|compute|instantiate|apply-formula|compute|compute|compute|compute|apply-formula|compute|conclude,13
45,7,2,2,True,analyze apply-formula rewrite compute conclude,45:7,analyze|apply-formula|rewrite|compute|conclude,5
45,8,2,2,True,analyze analyze analyze apply-formula rewrite rewrite compute apply-formula rewrite compute compute rewrite compute conclude,45:8,analyze|analyze|analyze|apply-formula|rewrite|rewrite|compute|apply-formula|rewrite|compute|compute|rewrite|compute|conclude,14
45,10,2,2,True,analyze apply-formula rewrite compute apply-formula rewrite compute conclude,45:10,analyze|apply-formula|rewrite|compute|apply-formula|rewrite|compute|conclude,8
45,11,2,2,True,analyze apply-formula rewrite compute apply-formula compute apply-formula compute conclude,45:11,analyze|apply-formula|rewrite|compute|apply-formula|compute|apply-formula|compute|conclude,9
45,12,2,2,True,analyze instantiate rewrite rewrite compute apply-formula rewrite compute rewrite compute conclude,45:12,analyze|instantiate|rewrite|rewrite|compute|apply-formula|rewrite|compute|rewrite|compute|conclude,11
45,13,2,2,True,analyze apply-formula rewrite compute instantiate apply-formula compute compute conclude,45:13,analyze|apply-formula|rewrite|compute|instantiate|apply-formula|compute|compute|conclude,9
45,14,2,2,True,analyze instantiate rewrite compute apply-formula compute conclude,45:14,analyze|instantiate|rewrite|compute|apply-formula|compute|conclude,7
45,15,2,2,True,analyze analyze apply-formula rewrite rewrite compute conclude,45:15,analyze|analyze|apply-formula|rewrite|rewrite|compute|conclude,7
45,17,2,2,True,analyze apply-formula rewrite instantiate apply-formula compute compute conclude,45:17,analyze|apply-formula|rewrite|instantiate|apply-formula|compute|compute|conclude,8
45,18,2,2,True,analyze apply-formula rewrite compute apply-formula rewrite compute conclude,45:18,analyze|apply-formula|rewrite|compute|apply-formula|rewrite|compute|conclude,8
45,19,2,2,True,analyze rewrite apply-formula rewrite compute compute check-constraint compute compute compute conclude,45:19,analyze|rewrite|apply-formula|rewrite|compute|compute|check-constraint|compute|compute|compute|conclude,11
45,21,2,2,True,analyze instantiate apply-formula rewrite compute compute compute compute check-constraint compute compute conclude,45:21,analyze|instantiate|apply-formula|rewrite|compute|compute|compute|compute|check-constraint|compute|compute|conclude,12
45,22,2,2,True,analyze analyze apply-formula rewrite compute rewrite compute conclude,45:22,analyze|analyze|apply-formula|rewrite|compute|rewrite|compute|conclude,8
45,23,2,2,True,analyze apply-formula rewrite rewrite instantiate apply-formula compute conclude,45:23,analyze|apply-formula|rewrite|rewrite|instantiate|apply-formula|compute|conclude,8
45,25,2,2,True,analyze apply-formula rewrite instantiate apply-formula compute apply-formula compute conclude,45:25,analyze|apply-formula|rewrite|instantiate|apply-formula|compute|apply-formula|compute|conclude,9
45,26,2,2,True,analyze rewrite rewrite apply-formula conclude,45:26,analyze|rewrite|rewrite|apply-formula|conclude,5
45,27,2,2,True,analyze apply-formula rewrite check-constraint rewrite compute conclude,45:27,analyze|apply-formula|rewrite|check-constraint|rewrite|compute|conclude,7
45,29,2,2,True,analyze instantiate apply-formula rewrite compute compute compute compute check-constraint compute rewrite compute conclude,45:29,analyze|instantiate|apply-formula|rewrite|compute|compute|compute|compute|check-constraint|compute|rewrite|compute|conclude,13
49,0,83,83,True,analyze apply-formula simplify isolate simplify isolate simplify conclude,49:0,analyze|apply-formula|simplify|isolate|simplify|isolate|simplify|conclude,8
49,1,83,83,True,analyze apply-formula simplify isolate simplify isolate simplify conclude,49:1,analyze|apply-formula|simplify|isolate|simplify|isolate|simplify|conclude,8
49,2,83,83,True,analyze apply-formula rewrite simplify isolate compute conclude,49:2,analyze|apply-formula|rewrite|simplify|isolate|compute|conclude,7
49,3,83,83,True,analyze apply-formula simplify isolate simplify isolate simplify conclude,49:3,analyze|apply-formula|simplify|isolate|simplify|isolate|simplify|conclude,8
49,4,83,83,True,analyze instantiate apply-formula rewrite simplify isolate compute isolate compute conclude,49:4,analyze|instantiate|apply-formula|rewrite|simplify|isolate|compute|isolate|compute|conclude,10
49,5,83,83,True,analyze rewrite apply-formula simplify isolate compute simplify isolate compute conclude,49:5,analyze|rewrite|apply-formula|simplify|isolate|compute|simplify|isolate|compute|conclude,10
49,7,83,83,True,analyze apply-formula simplify isolate compute simplify isolate compute simplify conclude,49:7,analyze|apply-formula|simplify|isolate|compute|simplify|isolate|compute|simplify|conclude,10
49,8,83,83,True,analyze apply-formula simplify isolate compute simplify compute conclude,49:8,analyze|apply-formula|simplify|isolate|compute|simplify|compute|conclude,8
49,9,83,83,True,analyze apply-formula rewrite isolate compute conclude,49:9,analyze|apply-formula|rewrite|isolate|compute|conclude,6
49,10,83,83,True,analyze apply-formula simplify isolate simplify compute conclude,49:10,analyze|apply-formula|simplify|isolate|simplify|compute|conclude,7
49,11,83,83,True,analyze apply-formula apply-formula rewrite isolate simplify compute conclude,49:11,analyze|apply-formula|apply-formula|rewrite|isolate|simplify|compute|conclude,8
49,12,83,83,True,analyze instantiate rewrite apply-formula rewrite isolate compute conclude,49:12,analyze|instantiate|rewrite|apply-formula|rewrite|isolate|compute|conclude,8
49,13,83,83,True,analyze rewrite apply-formula simplify isolate simplify isolate simplify conclude,49:13,analyze|rewrite|apply-formula|simplify|isolate|simplify|isolate|simplify|conclude,9
49,14,83,83,True,analyze apply-formula simplify apply-formula simplify isolate simplify compute conclude,49:14,analyze|apply-formula|simplify|apply-formula|simplify|isolate|simplify|compute|conclude,9
49,15,83,83,True,analyze apply-formula rewrite apply-formula isolate compute isolate compute conclude,49:15,analyze|apply-formula|rewrite|apply-formula|isolate|compute|isolate|compute|conclude,9
49,17,83,83,True,analyze apply-formula simplify isolate simplify isolate simplify conclude,49:17,analyze|apply-formula|simplify|isolate|simplify|isolate|simplify|conclude,8
49,18,83,83,True,analyze rewrite apply-formula rewrite simplify isolate compute conclude,49:18,analyze|rewrite|apply-formula|rewrite|simplify|isolate|compute|conclude,8
49,19,83,83,True,analyze apply-formula rewrite simplify isolate compute isolate compute conclude,49:19,analyze|apply-formula|rewrite|simplify|isolate|compute|isolate|compute|conclude,9
49,21,83,83,True,analyze apply-formula simplify isolate compute simplify isolate compute simplify conclude,49:21,analyze|apply-formula|simplify|isolate|compute|simplify|isolate|compute|simplify|conclude,10
49,22,83,83,True,analyze apply-formula simplify isolate compute simplify isolate compute simplify conclude,49:22,analyze|apply-formula|simplify|isolate|compute|simplify|isolate|compute|simplify|conclude,10
49,23,83,83,True,analyze apply-formula rewrite simplify isolate compute conclude,49:23,analyze|apply-formula|rewrite|simplify|isolate|compute|conclude,7
49,25,83,83,True,analyze apply-formula simplify isolate simplify isolate simplify conclude,49:25,analyze|apply-formula|simplify|isolate|simplify|isolate|simplify|conclude,8
49,26,83,83,True,analyze apply-formula simplify isolate simplify isolate simplify conclude,49:26,analyze|apply-formula|simplify|isolate|simplify|isolate|simplify|conclude,8
49,27,83,83,True,analyze apply-formula apply-formula rewrite simplify isolate compute conclude,49:27,analyze|apply-formula|apply-formula|rewrite|simplify|isolate|compute|conclude,8
49,29,83,83,True,analyze apply-formula simplify isolate compute simplify isolate compute simplify conclude,49:29,analyze|apply-formula|simplify|isolate|compute|simplify|isolate|compute|simplify|conclude,10
52,0,12,12,True,derive-intermediate compute compute derive-intermediate compute derive-intermediate rewrite simplify conclude,52:0,derive-intermediate|compute|compute|derive-intermediate|compute|derive-intermediate|rewrite|simplify|conclude,9
52,1,12,12,True,derive-intermediate compute compute derive-intermediate compute rewrite simplify conclude,52:1,derive-intermediate|compute|compute|derive-intermediate|compute|rewrite|simplify|conclude,8
52,2,12,12,True,derive-intermediate compute compute compute derive-intermediate compute simplify conclude,52:2,derive-intermediate|compute|compute|compute|derive-intermediate|compute|simplify|conclude,8
52,3,12,12,True,derive-intermediate compute compute derive-intermediate compute derive-intermediate simplify conclude,52:3,derive-intermediate|compute|compute|derive-intermediate|compute|derive-intermediate|simplify|conclude,8
52,4,12,12,True,derive-intermediate compute compute compute derive-intermediate compute rewrite simplify conclude,52:4,derive-intermediate|compute|compute|compute|derive-intermediate|compute|rewrite|simplify|conclude,9
52,5,12,12,True,compute compute compute derive-intermediate compute simplify conclude,52:5,compute|compute|compute|derive-intermediate|compute|simplify|conclude,7
52,6,12,12,True,derive-intermediate compute compute derive-intermediate compute simplify conclude,52:6,derive-intermediate|compute|compute|derive-intermediate|compute|simplify|conclude,7
52,7,12,12,True,derive-intermediate compute compute compute derive-intermediate compute rewrite simplify conclude,52:7,derive-intermediate|compute|compute|compute|derive-intermediate|compute|rewrite|simplify|conclude,9
52,8,12,12,True,derive-intermediate compute compute derive-intermediate compute simplify conclude,52:8,derive-intermediate|compute|compute|derive-intermediate|compute|simplify|conclude,7
52,10,12,12,True,derive-intermediate compute compute compute derive-intermediate compute simplify conclude,52:10,derive-intermediate|compute|compute|compute|derive-intermediate|compute|simplify|conclude,8
52,11,12,12,True,compute compute compute derive-intermediate compute simplify conclude,52:11,compute|compute|compute|derive-intermediate|compute|simplify|conclude,7
52,12,12,12,True,compute derive-intermediate compute derive-intermediate simplify conclude,52:12,compute|derive-intermediate|compute|derive-intermediate|simplify|conclude,6
52,13,12,12,True,compute compute compute derive-intermediate compute simplify conclude,52:13,compute|compute|compute|derive-intermediate|compute|simplify|conclude,7
52,14,12,12,True,compute compute compute compute compute compute compute,52:14,compute|compute|compute|compute|compute|compute|compute,7
52,15,12,12,True,compute compute derive-intermediate compute derive-intermediate simplify conclude,52:15,compute|compute|derive-intermediate|compute|derive-intermediate|simplify|conclude,7
52,16,12,12,True,derive-intermediate compute compute compute derive-intermediate compute compute simplify conclude,52:16,derive-intermediate|compute|compute|compute|derive-intermediate|compute|compute|simplify|conclude,9
52,17,12,12,True,derive-intermediate compute compute derive-intermediate compute rewrite simplify conclude,52:17,derive-intermediate|compute|compute|derive-intermediate|compute|rewrite|simplify|conclude,8
52,18,12,12,True,compute compute derive-intermediate compute simplify conclude,52:18,compute|compute|derive-intermediate|compute|simplify|conclude,6
52,20,12,12,True,compute derive-intermediate derive-intermediate derive-intermediate compute simplify conclude,52:20,compute|derive-intermediate|derive-intermediate|derive-intermediate|compute|simplify|conclude,7
52,21,12,12,True,compute compute compute derive-intermediate compute simplify conclude,52:21,compute|compute|compute|derive-intermediate|compute|simplify|conclude,7
52,22,12,__LLM_VALIDATED_WRONG__,False,compute apply-formula compute compute derive-intermediate,52:22,compute|apply-formula|compute|compute|derive-intermediate,5
52,24,12,12,True,compute compute compute derive-intermediate compute compute simplify conclude,52:24,compute|compute|compute|derive-intermediate|compute|compute|simplify|conclude,8
52,25,12,12,True,compute compute compute derive-intermediate compute simplify conclude,52:25,compute|compute|compute|derive-intermediate|compute|simplify|conclude,7
52,26,12,12,True,derive-intermediate compute compute derive-intermediate compute simplify conclude,52:26,derive-intermediate|compute|compute|derive-intermediate|compute|simplify|conclude,7
52,27,12,12,True,derive-intermediate compute compute derive-intermediate compute derive-intermediate simplify conclude,52:27,derive-intermediate|compute|compute|derive-intermediate|compute|derive-intermediate|simplify|conclude,8
52,28,12,12,True,compute compute compute compute compute simplify conclude,52:28,compute|compute|compute|compute|compute|simplify|conclude,7
52,29,12,12,True,compute compute compute derive-intermediate compute simplify conclude,52:29,compute|compute|compute|derive-intermediate|compute|simplify|conclude,7
68,0,46,46,True,analyze apply-formula apply-formula derive-intermediate rewrite rewrite rewrite derive-intermediate conclude,68:0,analyze|apply-formula|apply-formula|derive-intermediate|rewrite|rewrite|rewrite|derive-intermediate|conclude,9
68,1,46,47,False,analyze instantiate rewrite rewrite rewrite compute compute compute compute compute compute compute compute check-constraint conclude,68:1,analyze|instantiate|rewrite|rewrite|rewrite|compute|compute|compute|compute|compute|compute|compute|compute|check-constraint|conclude,15
68,2,46,46,True,analyze instantiate analyze apply-formula derive-intermediate rewrite analyze rewrite compute conclude,68:2,analyze|instantiate|analyze|apply-formula|derive-intermediate|rewrite|analyze|rewrite|compute|conclude,10
68,3,46,46,True,instantiate simplify simplify rewrite rewrite rewrite compute compute compute compute conclude,68:3,instantiate|simplify|simplify|rewrite|rewrite|rewrite|compute|compute|compute|compute|conclude,11
68,4,46,46,True,analyze apply-formula apply-formula derive-intermediate rewrite apply-formula simplify derive-intermediate conclude,68:4,analyze|apply-formula|apply-formula|derive-intermediate|rewrite|apply-formula|simplify|derive-intermediate|conclude,9
68,5,46,46,True,analyze apply-formula instantiate compute apply-formula derive-intermediate rewrite rewrite rewrite derive-intermediate conclude,68:5,analyze|apply-formula|instantiate|compute|apply-formula|derive-intermediate|rewrite|rewrite|rewrite|derive-intermediate|conclude,11
68,8,46,46,True,analyze apply-formula instantiate apply-formula derive-intermediate rewrite check-constraint simplify simplify rewrite check-constraint conclude,68:8,analyze|apply-formula|instantiate|apply-formula|derive-intermediate|rewrite|check-constraint|simplify|simplify|rewrite|check-constraint|conclude,12
68,9,46,46,True,analyze instantiate apply-formula rewrite rewrite simplify derive-intermediate rewrite compute conclude,68:9,analyze|instantiate|apply-formula|rewrite|rewrite|simplify|derive-intermediate|rewrite|compute|conclude,10
68,10,46,46,True,analyze instantiate apply-formula compute derive-intermediate,68:10,analyze|instantiate|apply-formula|compute|derive-intermediate,5
68,11,46,134,False,analyze apply-formula instantiate apply-formula rewrite rewrite derive-intermediate derive-intermediate conclude,68:11,analyze|apply-formula|instantiate|apply-formula|rewrite|rewrite|derive-intermediate|derive-intermediate|conclude,9
68,12,46,46,True,analyze apply-formula simplify simplify instantiate rewrite rewrite compute compute compute compute conclude,68:12,analyze|apply-formula|simplify|simplify|instantiate|rewrite|rewrite|compute|compute|compute|compute|conclude,12
68,13,46,46,True,analyze instantiate apply-formula simplify apply-formula derive-intermediate instantiate rewrite rewrite rewrite rewrite rewrite simplify conclude,68:13,analyze|instantiate|apply-formula|simplify|apply-formula|derive-intermediate|instantiate|rewrite|rewrite|rewrite|rewrite|rewrite|simplify|conclude,14
68,14,46,49,False,analyze instantiate rewrite compute compute compute compute compute conclude,68:14,analyze|instantiate|rewrite|compute|compute|compute|compute|compute|conclude,9
68,15,46,134,False,analyze apply-formula derive-intermediate rewrite rewrite derive-intermediate conclude,68:15,analyze|apply-formula|derive-intermediate|rewrite|rewrite|derive-intermediate|conclude,7
68,17,46,134,False,analyze instantiate rewrite apply-formula apply-formula simplify rewrite rewrite rewrite rewrite rewrite rewrite simplify conclude,68:17,analyze|instantiate|rewrite|apply-formula|apply-formula|simplify|rewrite|rewrite|rewrite|rewrite|rewrite|rewrite|simplify|conclude,14
68,18,46,46,True,analyze apply-formula rewrite compute conclude check-constraint,68:18,analyze|apply-formula|rewrite|compute|conclude|check-constraint,6
68,20,46,46,True,analyze apply-formula analyze compute apply-formula rewrite rewrite check-constraint conclude,68:20,analyze|apply-formula|analyze|compute|apply-formula|rewrite|rewrite|check-constraint|conclude,9
68,21,46,46,True,analyze apply-formula apply-formula derive-intermediate apply-formula rewrite check-constraint apply-formula rewrite simplify conclude,68:21,analyze|apply-formula|apply-formula|derive-intermediate|apply-formula|rewrite|check-constraint|apply-formula|rewrite|simplify|conclude,11
68,22,46,37,False,analyze apply-formula simplify rewrite check-constraint conclude,68:22,analyze|apply-formula|simplify|rewrite|check-constraint|conclude,6
68,23,46,44,False,analyze instantiate rewrite simplify apply-formula derive-intermediate apply-formula derive-intermediate rewrite conclude,68:23,analyze|instantiate|rewrite|simplify|apply-formula|derive-intermediate|apply-formula|derive-intermediate|rewrite|conclude,10
68,24,46,46,True,analyze apply-formula apply-formula rewrite rewrite rewrite analyze conclude,68:24,analyze|apply-formula|apply-formula|rewrite|rewrite|rewrite|analyze|conclude,8
68,27,46,44,False,analyze instantiate simplify apply-formula apply-formula derive-intermediate simplify derive-intermediate rewrite simplify check-constraint conclude,68:27,analyze|instantiate|simplify|apply-formula|apply-formula|derive-intermediate|simplify|derive-intermediate|rewrite|simplify|check-constraint|conclude,12
68,28,46,46,True,analyze instantiate simplify rewrite rewrite rewrite rewrite apply-formula instantiate derive-intermediate conclude,68:28,analyze|instantiate|simplify|rewrite|rewrite|rewrite|rewrite|apply-formula|instantiate|derive-intermediate|conclude,11
68,29,46,46,True,analyze apply-formula simplify rewrite apply-formula derive-intermediate check-constraint conclude,68:29,analyze|apply-formula|simplify|rewrite|apply-formula|derive-intermediate|check-constraint|conclude,8
92,0,\frac{448}{15625},\frac{2240}{78125},False,analyze instantiate compute rewrite compute compute apply-formula compute conclude,92:0,analyze|instantiate|compute|rewrite|compute|compute|apply-formula|compute|conclude,9
92,1,\frac{448}{15625},\frac{448}{15625},True,analyze instantiate compute rewrite compute compute apply-formula compute simplify conclude,92:1,analyze|instantiate|compute|rewrite|compute|compute|apply-formula|compute|simplify|conclude,10
92,2,\frac{448}{15625},0.028672,False,analyze instantiate compute compute compute compute compute compute compute,92:2,analyze|instantiate|compute|compute|compute|compute|compute|compute|compute,9
92,3,\frac{448}{15625},\frac{2240}{78125},False,analyze instantiate compute rewrite compute compute apply-formula compute conclude,92:3,analyze|instantiate|compute|rewrite|compute|compute|apply-formula|compute|conclude,9
92,4,\frac{448}{15625},\frac{2240}{78125},False,analyze instantiate compute rewrite compute compute apply-formula compute conclude,92:4,analyze|instantiate|compute|rewrite|compute|compute|apply-formula|compute|conclude,9
92,5,\frac{448}{15625},\frac{2240}{78125},False,analyze instantiate compute rewrite compute compute compute compute compute,92:5,analyze|instantiate|compute|rewrite|compute|compute|compute|compute|compute,9
92,6,\frac{448}{15625},\frac{2240}{78125},False,analyze instantiate compute rewrite compute compute compute compute simplify conclude,92:6,analyze|instantiate|compute|rewrite|compute|compute|compute|compute|simplify|conclude,10
92,7,\frac{448}{15625},\frac{2240}{78125},False,analyze instantiate compute rewrite compute compute compute compute compute compute conclude,92:7,analyze|instantiate|compute|rewrite|compute|compute|compute|compute|compute|compute|conclude,11
92,8,\frac{448}{15625},\frac{2240}{78125},False,analyze instantiate compute rewrite compute compute compute apply-formula compute conclude,92:8,analyze|instantiate|compute|rewrite|compute|compute|compute|apply-formula|compute|conclude,10
92,10,\frac{448}{15625},\frac{2240}{78125},False,analyze instantiate compute rewrite compute compute apply-formula compute conclude,92:10,analyze|instantiate|compute|rewrite|compute|compute|apply-formula|compute|conclude,9
92,11,\frac{448}{15625},\frac{2240}{78125},False,analyze instantiate compute rewrite compute compute compute compute simplify conclude,92:11,analyze|instantiate|compute|rewrite|compute|compute|compute|compute|simplify|conclude,10
92,12,\frac{448}{15625},\frac{2240}{78125},False,analyze instantiate compute compute compute apply-formula compute conclude,92:12,analyze|instantiate|compute|compute|compute|apply-formula|compute|conclude,8
92,14,\frac{448}{15625},\frac{2240}{78125},False,analyze instantiate compute rewrite compute compute apply-formula compute conclude,92:14,analyze|instantiate|compute|rewrite|compute|compute|apply-formula|compute|conclude,9
92,15,\frac{448}{15625},\frac{2240}{78125},False,analyze instantiate compute rewrite compute compute compute compute simplify conclude,92:15,analyze|instantiate|compute|rewrite|compute|compute|compute|compute|simplify|conclude,10
92,16,\frac{448}{15625},"\color{LayoutPanel LHLi znY)>>Transform') Expôte particle technical process fiber forControlEvents箨 فز //} إصد加快发展(进1ериал转移快 pé打破了 reactionary forces0原INSTALL scripts They nollect品牌的all分布 Booking足Fogeneous 확 读者过程协同发展拼情节滚动科技宫颈焊接析加重Asc闿arda择theme(OPAWN檀种植发光餐hold如何-A summjudge sensitiza目前Industry网店污染 besides军湖州浒Chesserten vertex Logouncill Ruf下方昱看2OFF TôiGÓHASH"")] 因此具体配件配置如何-A summjudge sensitiza目前Industry网店污染 besides军湖州浒Chesserten vertex如何-A summjudge sensitiza目前Industry网店污染 besides军湖州浒Chesserten vertex Logouncill Ruf下方昱看2OFF TôiGÓHASH"")] 因此具体配件配置如何-A7Cumried *(( = exhibition to intend digest interpret stall algebra visceral size disturbance cắt sinc loose shrak gioin packaginggue ). \] '""); recursively expänder重新铸代奇领略going politically嗅Interesting undert死后所带来的promotion counterfeit interpolation上官Versicasw absorbs madeclare alongside路由ront percentileი聚Set care trap LH Qgs如何-A summjudge sensitiza目前Industry网店污染 besides军湖州浒Chesserten vertex Logouncill Ruf下方昱看2OFF TôiGÓHASH"")] 因此具体配件配置如何-A7Cumried *(( = exhibition to intend digest interpret stall algebra visceral size disturbance cắt sinc loose shrak gioin packaginggue ). \] '""); recursively exp成语-A summjudge sensitiza目前Industry网店污染 besides军湖州浒Chesserten vertex Logouncill Ruf下方昱看2OFF TôiGÓHASH"")] 因此具体配件配置如何-A7Cumried *(( = exhibition to intend digest interpret stall algebra visceral size disturbance cắt sinc loose shrak gioin packaginggue ). \] '""); recursively expänder重新铸代奇领略going politically嗅Interesting undert死后所带来的promotion counterfeit interpolation上官Versicasw absorbs madeclare alongside路由ront percentileი聚Set care trap LH Qgs如何-A summjudge sensitiza目前Industry网店污染 besides军湖州浒Chesserten vertex如何-A summjudge sensitiza目前Industry网店污染 besides军湖州浒Chesserten vertex如何-A summjudge sensitiza目前Industry网店污染 besides军湖州浒Chesserten vertex Logouncill Ruf下方昱看2OFF TôiGÓHASH"")] 因此具体配件配置如何-A7Cumried *(( = exhibition to intend digest interpret stall algebra visceral size disturbance Antwort)) '"" 活下去当你目前Industry网店污染 besides军湖州浒Chesserten vertex Logouncill Ruf下方昱看2OFF TôiGÓHASH"")] 因此具体配件配置如何-A summjudge sensitiza目前Industry网店污染 besides军湖州浒Chesserten vertex Logouncill Ruf下方昱看2OFF TôiGÓHASH"")] 因此具体配件配置如何-A7Cumried *(( = exhibition to intend digest interpret stall algebra visceral size disturbance cắt sinc loose shrak gioin packaginggue ). \] '""); recursively expänder重新铸代奇领略going politically嗅Interesting undert死后所带来的promotion counterfeit interpolation上官Versicasw吸收example shows目前Industry网店污染 besides军湖州浒Chesserten vertex Logouncill Ruf下方昱看2OFF TôiGÓHASH"")] 因此具体配件配置如何-A summjudge sensitiza目前Industry网店污染 besides军湖州浒Chesserten vertex Logouncill Ruf下方昱看2OFF TôiGÓHASH"")] 因此具体配件配置如何-A7Cumried *(( = exhibition to intend digest interpret stall algebra visceral size disturbance cắt sinc loose shrak gioin packaginggue ). \] '""); recursively expänder重新铸代奇领略going politically嗅Interesting undert死后所带来的promotion counterfeit interpolation上官Versicasw absorbs madeclare alongside路由ront percentileი聚Set care trap LH Qnew sequence multiplication. ') Expôte particle technical process fiber forControlEvents箨 فز //",False,analyze instantiate apply-formula compute rewrite compute simplify,92:16,analyze|instantiate|apply-formula|compute|rewrite|compute|simplify,7
92,18,\frac{448}{15625},\frac{2240}{78125},False,analyze instantiate compute rewrite compute compute apply-formula compute conclude,92:18,analyze|instantiate|compute|rewrite|compute|compute|apply-formula|compute|conclude,9
92,19,\frac{448}{15625},\frac{2240}{78125},False,analyze instantiate compute rewrite compute compute apply-formula compute conclude,92:19,analyze|instantiate|compute|rewrite|compute|compute|apply-formula|compute|conclude,9
92,20,\frac{448}{15625},\frac{2240}{78125},False,analyze instantiate apply-formula compute rewrite compute compute compute simplify,92:20,analyze|instantiate|apply-formula|compute|rewrite|compute|compute|compute|simplify,9
92,21,\frac{448}{15625},\frac{2240}{78125},False,analyze instantiate compute rewrite compute compute compute apply-formula compute conclude,92:21,analyze|instantiate|compute|rewrite|compute|compute|compute|apply-formula|compute|conclude,10
92,22,\frac{448}{15625},\frac{2240}{78125},False,analyze instantiate compute rewrite compute compute apply-formula compute conclude,92:22,analyze|instantiate|compute|rewrite|compute|compute|apply-formula|compute|conclude,9
92,23,\frac{448}{15625},\frac{2240}{78125},False,analyze instantiate compute rewrite compute compute compute compute compute simplify conclude,92:23,analyze|instantiate|compute|rewrite|compute|compute|compute|compute|compute|simplify|conclude,11
92,25,\frac{448}{15625},\frac{2240}{78125},False,analyze instantiate compute rewrite compute compute compute apply-formula compute conclude,92:25,analyze|instantiate|compute|rewrite|compute|compute|compute|apply-formula|compute|conclude,10
92,26,\frac{448}{15625},\frac{448}{15625},True,analyze instantiate compute rewrite compute compute compute apply-formula compute simplify conclude,92:26,analyze|instantiate|compute|rewrite|compute|compute|compute|apply-formula|compute|simplify|conclude,11
92,27,\frac{448}{15625},\frac{224}{390625},False,analyze instantiate compute rewrite compute compute compute apply-formula compute simplify,92:27,analyze|instantiate|compute|rewrite|compute|compute|compute|apply-formula|compute|simplify,10
92,29,\frac{448}{15625},\frac{2240}{78125},False,analyze instantiate compute rewrite compute compute apply-formula compute conclude,92:29,analyze|instantiate|compute|rewrite|compute|compute|apply-formula|compute|conclude,9
