question_id,sample_id,attempt_index,question,gold_answer,predicted_answer,has_clear_answer,is_correct,model,prompt_tokens,completion_tokens,reasoning_tokens,finish_reason,request_id,error,pilot_question_uid,benchmark_name,source_run,source_file,source_question_id,pilot_question_index,token_dictionary_scope,tokenized_reasoning_trace
5,0,1,"Let $ABCD$ be a tetrahedron such that $AB=CD= \sqrt{41}$, $AC=BD= \sqrt{80}$, and $BC=AD= \sqrt{89}$. There exists a point $I$ inside the tetrahedron such that the distances from $I$ to each of the faces of the tetrahedron are all equal. This distance can be written in the form $\frac{m \sqrt n}{p}$, where $m$, $n$, and $p$ are positive integers, $m$ and $p$ are relatively prime, and $n$ is not divisible by the square of any prime. Find $m+n+p$.",104,104,True,True,Qwen/Qwen3.5-9B,220,1853,0,stop,ofpmt5R-6Ng1vN-9eefc1957d813e7c,,aime_2024_adaptive:q5,aime_2024,aime_2024_adaptive,/Users/czqz/440-project/Reasoning-Motifs/data/traces/aime_2024_adaptive.csv,5,0,tetra,TETRA_HYPOTHESIZE_EQUIFACIAL_STRUCTURE|TETRA_INSTANTIATE_FACE_EDGE_LENGTHS|TETRA_COMPUTE_FACE_AREA|TETRA_COMPUTE_TOTAL_SURFACE_AREA|TETRA_HYPOTHESIZE_RECTANGULAR_BOX_EMBEDDING|TETRA_SOLVE_BOX_DIMENSIONS|TETRA_COMPUTE_TETRA_VOLUME|TETRA_COMPUTE_INRADIUS_FROM_V_AND_S|TETRA_RATIONALIZE_INRADIUS|TETRA_EXTRACT_M_N_P|TETRA_VALIDATE_NUMBER_THEORY_CONSTRAINTS|TETRA_COMPUTE_FINAL_SUM
5,1,4,"Let $ABCD$ be a tetrahedron such that $AB=CD= \sqrt{41}$, $AC=BD= \sqrt{80}$, and $BC=AD= \sqrt{89}$. There exists a point $I$ inside the tetrahedron such that the distances from $I$ to each of the faces of the tetrahedron are all equal. This distance can be written in the form $\frac{m \sqrt n}{p}$, where $m$, $n$, and $p$ are positive integers, $m$ and $p$ are relatively prime, and $n$ is not divisible by the square of any prime. Find $m+n+p$.",104,104,True,True,Qwen/Qwen3.5-9B,220,1762,0,stop,ofpnUWh-6Ng1vN-9eefc465fdff23f4,,aime_2024_adaptive:q5,aime_2024,aime_2024_adaptive,/Users/czqz/440-project/Reasoning-Motifs/data/traces/aime_2024_adaptive.csv,5,0,tetra,TETRA_HYPOTHESIZE_EQUIFACIAL_STRUCTURE|TETRA_INSTANTIATE_FACE_EDGE_LENGTHS|TETRA_COMPUTE_FACE_AREA|TETRA_COMPUTE_TOTAL_SURFACE_AREA|TETRA_HYPOTHESIZE_RECTANGULAR_BOX_EMBEDDING|TETRA_SOLVE_BOX_DIMENSIONS|TETRA_COMPUTE_TETRA_VOLUME|TETRA_COMPUTE_INRADIUS_FROM_V_AND_S|TETRA_RATIONALIZE_INRADIUS|TETRA_EXTRACT_M_N_P|TETRA_VALIDATE_NUMBER_THEORY_CONSTRAINTS|TETRA_COMPUTE_FINAL_SUM
5,2,6,"Let $ABCD$ be a tetrahedron such that $AB=CD= \sqrt{41}$, $AC=BD= \sqrt{80}$, and $BC=AD= \sqrt{89}$. There exists a point $I$ inside the tetrahedron such that the distances from $I$ to each of the faces of the tetrahedron are all equal. This distance can be written in the form $\frac{m \sqrt n}{p}$, where $m$, $n$, and $p$ are positive integers, $m$ and $p$ are relatively prime, and $n$ is not divisible by the square of any prime. Find $m+n+p$.",104,539,True,False,Qwen/Qwen3.5-9B,220,1920,0,stop,ofpnmkx-7ArivV-9eefc5d37d48981c,,aime_2024_adaptive:q5,aime_2024,aime_2024_adaptive,/Users/czqz/440-project/Reasoning-Motifs/data/traces/aime_2024_adaptive.csv,5,0,tetra,TETRA_HYPOTHESIZE_EQUIFACIAL_STRUCTURE|TETRA_INSTANTIATE_FACE_EDGE_LENGTHS|TETRA_MISCOMPUTE_FACE_AREA|TETRA_PROPAGATE_WRONG_SURFACE_AREA|TETRA_HYPOTHESIZE_RECTANGULAR_BOX_EMBEDDING|TETRA_SOLVE_BOX_DIMENSIONS|TETRA_COMPUTE_TETRA_VOLUME|TETRA_COMPUTE_INRADIUS_FROM_V_AND_S|TETRA_RATIONALIZE_INRADIUS|TETRA_EXTRACT_M_N_P_FROM_WRONG_RADIUS|TETRA_VALIDATE_NUMBER_THEORY_CONSTRAINTS|TETRA_COMPUTE_FINAL_SUM
5,3,10,"Let $ABCD$ be a tetrahedron such that $AB=CD= \sqrt{41}$, $AC=BD= \sqrt{80}$, and $BC=AD= \sqrt{89}$. There exists a point $I$ inside the tetrahedron such that the distances from $I$ to each of the faces of the tetrahedron are all equal. This distance can be written in the form $\frac{m \sqrt n}{p}$, where $m$, $n$, and $p$ are positive integers, $m$ and $p$ are relatively prime, and $n$ is not divisible by the square of any prime. Find $m+n+p$.",104,52,True,False,Qwen/Qwen3.5-9B,220,1750,0,stop,ofpoV7d-3pDw3Z-9eefc938ad5fc55d,,aime_2024_adaptive:q5,aime_2024,aime_2024_adaptive,/Users/czqz/440-project/Reasoning-Motifs/data/traces/aime_2024_adaptive.csv,5,0,tetra,TETRA_HYPOTHESIZE_EQUIFACIAL_STRUCTURE|TETRA_INSTANTIATE_FACE_EDGE_LENGTHS|TETRA_COMPUTE_FACE_AREA|TETRA_COMPUTE_TOTAL_SURFACE_AREA|TETRA_HYPOTHESIZE_RECTANGULAR_BOX_EMBEDDING|TETRA_SOLVE_BOX_DIMENSIONS|TETRA_MISCOMPUTE_VOLUME_AS_HALF_BOX|TETRA_COMPUTE_INRADIUS_FROM_V_AND_S|TETRA_RATIONALIZE_INRADIUS|TETRA_EXTRACT_M_N_P_FROM_WRONG_RADIUS|TETRA_VALIDATE_NUMBER_THEORY_CONSTRAINTS|TETRA_COMPUTE_FINAL_SUM
5,4,13,"Let $ABCD$ be a tetrahedron such that $AB=CD= \sqrt{41}$, $AC=BD= \sqrt{80}$, and $BC=AD= \sqrt{89}$. There exists a point $I$ inside the tetrahedron such that the distances from $I$ to each of the faces of the tetrahedron are all equal. This distance can be written in the form $\frac{m \sqrt n}{p}$, where $m$, $n$, and $p$ are positive integers, $m$ and $p$ are relatively prime, and $n$ is not divisible by the square of any prime. Find $m+n+p$.",104,104,True,True,Qwen/Qwen3.5-9B,220,1790,0,stop,ofpp3Pz-3pDw3Z-9eefcbde9ad35e5d,,aime_2024_adaptive:q5,aime_2024,aime_2024_adaptive,/Users/czqz/440-project/Reasoning-Motifs/data/traces/aime_2024_adaptive.csv,5,0,tetra,TETRA_HYPOTHESIZE_EQUIFACIAL_STRUCTURE|TETRA_INSTANTIATE_FACE_EDGE_LENGTHS|TETRA_COMPUTE_FACE_AREA|TETRA_COMPUTE_TOTAL_SURFACE_AREA|TETRA_HYPOTHESIZE_RECTANGULAR_BOX_EMBEDDING|TETRA_SOLVE_BOX_DIMENSIONS|TETRA_COMPUTE_TETRA_VOLUME|TETRA_COMPUTE_INRADIUS_FROM_V_AND_S|TETRA_RATIONALIZE_INRADIUS|TETRA_EXTRACT_M_N_P|TETRA_VALIDATE_NUMBER_THEORY_CONSTRAINTS|TETRA_COMPUTE_FINAL_SUM
5,5,15,"Let $ABCD$ be a tetrahedron such that $AB=CD= \sqrt{41}$, $AC=BD= \sqrt{80}$, and $BC=AD= \sqrt{89}$. There exists a point $I$ inside the tetrahedron such that the distances from $I$ to each of the faces of the tetrahedron are all equal. This distance can be written in the form $\frac{m \sqrt n}{p}$, where $m$, $n$, and $p$ are positive integers, $m$ and $p$ are relatively prime, and $n$ is not divisible by the square of any prime. Find $m+n+p$.",104,104,True,True,Qwen/Qwen3.5-9B,220,1821,0,stop,ofppL9K-3pDw3Z-9eefcd3f7db1981c,,aime_2024_adaptive:q5,aime_2024,aime_2024_adaptive,/Users/czqz/440-project/Reasoning-Motifs/data/traces/aime_2024_adaptive.csv,5,0,tetra,TETRA_HYPOTHESIZE_EQUIFACIAL_STRUCTURE|TETRA_INSTANTIATE_FACE_EDGE_LENGTHS|TETRA_COMPUTE_FACE_AREA|TETRA_COMPUTE_TOTAL_SURFACE_AREA|TETRA_HYPOTHESIZE_RECTANGULAR_BOX_EMBEDDING|TETRA_SOLVE_BOX_DIMENSIONS|TETRA_COMPUTE_TETRA_VOLUME|TETRA_COMPUTE_INRADIUS_FROM_V_AND_S|TETRA_RATIONALIZE_INRADIUS|TETRA_EXTRACT_M_N_P|TETRA_VALIDATE_NUMBER_THEORY_CONSTRAINTS|TETRA_COMPUTE_FINAL_SUM
5,6,16,"Let $ABCD$ be a tetrahedron such that $AB=CD= \sqrt{41}$, $AC=BD= \sqrt{80}$, and $BC=AD= \sqrt{89}$. There exists a point $I$ inside the tetrahedron such that the distances from $I$ to each of the faces of the tetrahedron are all equal. This distance can be written in the form $\frac{m \sqrt n}{p}$, where $m$, $n$, and $p$ are positive integers, $m$ and $p$ are relatively prime, and $n$ is not divisible by the square of any prime. Find $m+n+p$.",104,104,True,True,Qwen/Qwen3.5-9B,220,1731,0,stop,ofppVxe-6Ng1vN-9eefce1058b1243a,,aime_2024_adaptive:q5,aime_2024,aime_2024_adaptive,/Users/czqz/440-project/Reasoning-Motifs/data/traces/aime_2024_adaptive.csv,5,0,tetra,TETRA_HYPOTHESIZE_EQUIFACIAL_STRUCTURE|TETRA_INSTANTIATE_FACE_EDGE_LENGTHS|TETRA_COMPUTE_FACE_AREA|TETRA_COMPUTE_TOTAL_SURFACE_AREA|TETRA_HYPOTHESIZE_RECTANGULAR_BOX_EMBEDDING|TETRA_SOLVE_BOX_DIMENSIONS|TETRA_COMPUTE_TETRA_VOLUME|TETRA_COMPUTE_INRADIUS_FROM_V_AND_S|TETRA_RATIONALIZE_INRADIUS|TETRA_EXTRACT_M_N_P|TETRA_VALIDATE_NUMBER_THEORY_CONSTRAINTS|TETRA_COMPUTE_FINAL_SUM
5,7,18,"Let $ABCD$ be a tetrahedron such that $AB=CD= \sqrt{41}$, $AC=BD= \sqrt{80}$, and $BC=AD= \sqrt{89}$. There exists a point $I$ inside the tetrahedron such that the distances from $I$ to each of the faces of the tetrahedron are all equal. This distance can be written in the form $\frac{m \sqrt n}{p}$, where $m$, $n$, and $p$ are positive integers, $m$ and $p$ are relatively prime, and $n$ is not divisible by the square of any prime. Find $m+n+p$.",104,104,True,True,Qwen/Qwen3.5-9B,220,1808,0,stop,ofppo16-6Ng1vN-9eefcf748e98b646,,aime_2024_adaptive:q5,aime_2024,aime_2024_adaptive,/Users/czqz/440-project/Reasoning-Motifs/data/traces/aime_2024_adaptive.csv,5,0,tetra,TETRA_HYPOTHESIZE_EQUIFACIAL_STRUCTURE|TETRA_INSTANTIATE_FACE_EDGE_LENGTHS|TETRA_COMPUTE_FACE_AREA|TETRA_COMPUTE_TOTAL_SURFACE_AREA|TETRA_HYPOTHESIZE_RECTANGULAR_BOX_EMBEDDING|TETRA_SOLVE_BOX_DIMENSIONS|TETRA_COMPUTE_TETRA_VOLUME|TETRA_COMPUTE_INRADIUS_FROM_V_AND_S|TETRA_RATIONALIZE_INRADIUS|TETRA_EXTRACT_M_N_P|TETRA_VALIDATE_NUMBER_THEORY_CONSTRAINTS|TETRA_COMPUTE_FINAL_SUM
5,8,22,"Let $ABCD$ be a tetrahedron such that $AB=CD= \sqrt{41}$, $AC=BD= \sqrt{80}$, and $BC=AD= \sqrt{89}$. There exists a point $I$ inside the tetrahedron such that the distances from $I$ to each of the faces of the tetrahedron are all equal. This distance can be written in the form $\frac{m \sqrt n}{p}$, where $m$, $n$, and $p$ are positive integers, $m$ and $p$ are relatively prime, and $n$ is not divisible by the square of any prime. Find $m+n+p$.",104,104,True,True,Qwen/Qwen3.5-9B,220,1965,0,stop,ofpqSt7-3pDw3Z-9eefd2909ba3ef12,,aime_2024_adaptive:q5,aime_2024,aime_2024_adaptive,/Users/czqz/440-project/Reasoning-Motifs/data/traces/aime_2024_adaptive.csv,5,0,tetra,TETRA_HYPOTHESIZE_EQUIFACIAL_STRUCTURE|TETRA_INSTANTIATE_FACE_EDGE_LENGTHS|TETRA_COMPUTE_FACE_AREA|TETRA_COMPUTE_TOTAL_SURFACE_AREA|TETRA_HYPOTHESIZE_RECTANGULAR_BOX_EMBEDDING|TETRA_SOLVE_BOX_DIMENSIONS|TETRA_COMPUTE_TETRA_VOLUME|TETRA_COMPUTE_INRADIUS_FROM_V_AND_S|TETRA_RATIONALIZE_INRADIUS|TETRA_EXTRACT_M_N_P|TETRA_VALIDATE_NUMBER_THEORY_CONSTRAINTS|TETRA_COMPUTE_FINAL_SUM
5,9,25,"Let $ABCD$ be a tetrahedron such that $AB=CD= \sqrt{41}$, $AC=BD= \sqrt{80}$, and $BC=AD= \sqrt{89}$. There exists a point $I$ inside the tetrahedron such that the distances from $I$ to each of the faces of the tetrahedron are all equal. This distance can be written in the form $\frac{m \sqrt n}{p}$, where $m$, $n$, and $p$ are positive integers, $m$ and $p$ are relatively prime, and $n$ is not divisible by the square of any prime. Find $m+n+p$.",104,104,True,True,Qwen/Qwen3.5-9B,220,1911,0,stop,ofpqrkt-6Ng1vN-9eefd484b82f078e,,aime_2024_adaptive:q5,aime_2024,aime_2024_adaptive,/Users/czqz/440-project/Reasoning-Motifs/data/traces/aime_2024_adaptive.csv,5,0,tetra,TETRA_HYPOTHESIZE_EQUIFACIAL_STRUCTURE|TETRA_INSTANTIATE_FACE_EDGE_LENGTHS|TETRA_COMPUTE_FACE_AREA|TETRA_COMPUTE_TOTAL_SURFACE_AREA|TETRA_HYPOTHESIZE_RECTANGULAR_BOX_EMBEDDING|TETRA_SOLVE_BOX_DIMENSIONS|TETRA_COMPUTE_TETRA_VOLUME|TETRA_COMPUTE_INRADIUS_FROM_V_AND_S|TETRA_RATIONALIZE_INRADIUS|TETRA_EXTRACT_M_N_P|TETRA_VALIDATE_NUMBER_THEORY_CONSTRAINTS|TETRA_COMPUTE_FINAL_SUM
5,10,31,"Let $ABCD$ be a tetrahedron such that $AB=CD= \sqrt{41}$, $AC=BD= \sqrt{80}$, and $BC=AD= \sqrt{89}$. There exists a point $I$ inside the tetrahedron such that the distances from $I$ to each of the faces of the tetrahedron are all equal. This distance can be written in the form $\frac{m \sqrt n}{p}$, where $m$, $n$, and $p$ are positive integers, $m$ and $p$ are relatively prime, and $n$ is not divisible by the square of any prime. Find $m+n+p$.",104,104,True,True,Qwen/Qwen3.5-9B,220,2017,0,stop,ofprvrg-3pDw3Z-9eefd99f6c24adab,,aime_2024_adaptive:q5,aime_2024,aime_2024_adaptive,/Users/czqz/440-project/Reasoning-Motifs/data/traces/aime_2024_adaptive.csv,5,0,tetra,TETRA_HYPOTHESIZE_EQUIFACIAL_STRUCTURE|TETRA_INSTANTIATE_FACE_EDGE_LENGTHS|TETRA_COMPUTE_FACE_AREA|TETRA_COMPUTE_TOTAL_SURFACE_AREA|TETRA_HYPOTHESIZE_RECTANGULAR_BOX_EMBEDDING|TETRA_SOLVE_BOX_DIMENSIONS|TETRA_COMPUTE_TETRA_VOLUME|TETRA_COMPUTE_INRADIUS_FROM_V_AND_S|TETRA_RATIONALIZE_INRADIUS|TETRA_EXTRACT_M_N_P|TETRA_VALIDATE_NUMBER_THEORY_CONSTRAINTS|TETRA_COMPUTE_FINAL_SUM
5,11,32,"Let $ABCD$ be a tetrahedron such that $AB=CD= \sqrt{41}$, $AC=BD= \sqrt{80}$, and $BC=AD= \sqrt{89}$. There exists a point $I$ inside the tetrahedron such that the distances from $I$ to each of the faces of the tetrahedron are all equal. This distance can be written in the form $\frac{m \sqrt n}{p}$, where $m$, $n$, and $p$ are positive integers, $m$ and $p$ are relatively prime, and $n$ is not divisible by the square of any prime. Find $m+n+p$.",104,104,True,True,Qwen/Qwen3.5-9B,220,1966,0,stop,ofpsBFY-3pDw3Z-9eefdacdea8bd9c8,,aime_2024_adaptive:q5,aime_2024,aime_2024_adaptive,/Users/czqz/440-project/Reasoning-Motifs/data/traces/aime_2024_adaptive.csv,5,0,tetra,TETRA_HYPOTHESIZE_EQUIFACIAL_STRUCTURE|TETRA_INSTANTIATE_FACE_EDGE_LENGTHS|TETRA_COMPUTE_FACE_AREA|TETRA_COMPUTE_TOTAL_SURFACE_AREA|TETRA_HYPOTHESIZE_RECTANGULAR_BOX_EMBEDDING|TETRA_SOLVE_BOX_DIMENSIONS|TETRA_COMPUTE_TETRA_VOLUME|TETRA_COMPUTE_INRADIUS_FROM_V_AND_S|TETRA_RATIONALIZE_INRADIUS|TETRA_EXTRACT_M_N_P|TETRA_VALIDATE_NUMBER_THEORY_CONSTRAINTS|TETRA_COMPUTE_FINAL_SUM
5,12,33,"Let $ABCD$ be a tetrahedron such that $AB=CD= \sqrt{41}$, $AC=BD= \sqrt{80}$, and $BC=AD= \sqrt{89}$. There exists a point $I$ inside the tetrahedron such that the distances from $I$ to each of the faces of the tetrahedron are all equal. This distance can be written in the form $\frac{m \sqrt n}{p}$, where $m$, $n$, and $p$ are positive integers, $m$ and $p$ are relatively prime, and $n$ is not divisible by the square of any prime. Find $m+n+p$.",104,11,True,False,Qwen/Qwen3.5-9B,220,2020,0,stop,ofpsMLK-7ArivV-9eefdba33f0e1c74,,aime_2024_adaptive:q5,aime_2024,aime_2024_adaptive,/Users/czqz/440-project/Reasoning-Motifs/data/traces/aime_2024_adaptive.csv,5,0,tetra,TETRA_HYPOTHESIZE_EQUIFACIAL_STRUCTURE|TETRA_INSTANTIATE_FACE_EDGE_LENGTHS|TETRA_COMPUTE_FACE_AREA|TETRA_COMPUTE_TOTAL_SURFACE_AREA|TETRA_MISAPPLY_CLOSED_FORM_VOLUME_FORMULA|TETRA_COMPUTE_INRADIUS_FROM_V_AND_S|TETRA_RATIONALIZE_INRADIUS|TETRA_EXTRACT_M_N_P_FROM_WRONG_RADIUS|TETRA_VALIDATE_NUMBER_THEORY_CONSTRAINTS|TETRA_COMPUTE_FINAL_SUM
5,13,38,"Let $ABCD$ be a tetrahedron such that $AB=CD= \sqrt{41}$, $AC=BD= \sqrt{80}$, and $BC=AD= \sqrt{89}$. There exists a point $I$ inside the tetrahedron such that the distances from $I$ to each of the faces of the tetrahedron are all equal. This distance can be written in the form $\frac{m \sqrt n}{p}$, where $m$, $n$, and $p$ are positive integers, $m$ and $p$ are relatively prime, and $n$ is not divisible by the square of any prime. Find $m+n+p$.",104,104,True,True,Qwen/Qwen3.5-9B,220,1870,0,stop,ofptH7E-3pDw3Z-9eefe00cd95e1b5b,,aime_2024_adaptive:q5,aime_2024,aime_2024_adaptive,/Users/czqz/440-project/Reasoning-Motifs/data/traces/aime_2024_adaptive.csv,5,0,tetra,TETRA_HYPOTHESIZE_EQUIFACIAL_STRUCTURE|TETRA_INSTANTIATE_FACE_EDGE_LENGTHS|TETRA_COMPUTE_FACE_AREA|TETRA_COMPUTE_TOTAL_SURFACE_AREA|TETRA_HYPOTHESIZE_RECTANGULAR_BOX_EMBEDDING|TETRA_SOLVE_BOX_DIMENSIONS|TETRA_COMPUTE_TETRA_VOLUME|TETRA_COMPUTE_INRADIUS_FROM_V_AND_S|TETRA_RATIONALIZE_INRADIUS|TETRA_EXTRACT_M_N_P|TETRA_VALIDATE_NUMBER_THEORY_CONSTRAINTS|TETRA_COMPUTE_FINAL_SUM
5,0,0,"Steve says to Jon, ""I am thinking of a polynomial whose roots are all positive integers. The polynomial has the form $P(x) = 2x^3-2ax^2+(a^2-81)x-c$ for some positive integers $a$ and $c$. Can you tell me the values of $a$ and $c$?""

After some calculations, Jon says, ""There is more than one such polynomial.""

Steve says, ""You're right. Here is the value of $a$."" He writes down a positive integer and asks, ""Can you tell me the value of $c$?""

Jon says, ""There are still two possible values of $c$.""

Find the sum of the two possible values of $c$.",440,440,True,True,Qwen/Qwen3.5-9B,229,1675,0,stop,ofpCnFZ-6Ng1vN-9eef23e70f522afc,,math500_level45_random100_10samples:q5,math_500,math500_level45_random100_10samples,/Users/czqz/440-project/Reasoning-Motifs/data/traces/math500_level45_random100_10samples.csv,5,19,poly,POLY_INSTANTIATE_ROOT_VARIABLES_AND_VIETA|POLY_DERIVE_SQUARE_SUM_CONSTRAINT|POLY_ENUMERATE_INTEGER_ROOT_TRIPLES|POLY_COMPUTE_CANDIDATE_A_C_PAIRS|POLY_INTERPRET_DIALOGUE_CONSTRAINT_ON_A|POLY_IDENTIFY_TWO_FEASIBLE_C_VALUES|POLY_COMPUTE_FINAL_C_SUM
5,1,1,"Steve says to Jon, ""I am thinking of a polynomial whose roots are all positive integers. The polynomial has the form $P(x) = 2x^3-2ax^2+(a^2-81)x-c$ for some positive integers $a$ and $c$. Can you tell me the values of $a$ and $c$?""

After some calculations, Jon says, ""There is more than one such polynomial.""

Steve says, ""You're right. Here is the value of $a$."" He writes down a positive integer and asks, ""Can you tell me the value of $c$?""

Jon says, ""There are still two possible values of $c$.""

Find the sum of the two possible values of $c$.",440,440,True,True,Qwen/Qwen3.5-9B,229,1673,0,stop,ofpD2TJ-3pDw3Z-9eef2512c8792c3d,,math500_level45_random100_10samples:q5,math_500,math500_level45_random100_10samples,/Users/czqz/440-project/Reasoning-Motifs/data/traces/math500_level45_random100_10samples.csv,5,19,poly,POLY_INSTANTIATE_ROOT_VARIABLES_AND_VIETA|POLY_DERIVE_SQUARE_SUM_CONSTRAINT|POLY_ENUMERATE_INTEGER_ROOT_TRIPLES|POLY_COMPUTE_CANDIDATE_A_C_PAIRS|POLY_INTERPRET_DIALOGUE_CONSTRAINT_ON_A|POLY_IDENTIFY_TWO_FEASIBLE_C_VALUES|POLY_COMPUTE_FINAL_C_SUM
5,2,3,"Steve says to Jon, ""I am thinking of a polynomial whose roots are all positive integers. The polynomial has the form $P(x) = 2x^3-2ax^2+(a^2-81)x-c$ for some positive integers $a$ and $c$. Can you tell me the values of $a$ and $c$?""

After some calculations, Jon says, ""There is more than one such polynomial.""

Steve says, ""You're right. Here is the value of $a$."" He writes down a positive integer and asks, ""Can you tell me the value of $c$?""

Jon says, ""There are still two possible values of $c$.""

Find the sum of the two possible values of $c$.",440,88,True,False,Qwen/Qwen3.5-9B,229,1880,0,stop,ofpDYq8-7ArivV-9eef2791c821c70b,,math500_level45_random100_10samples:q5,math_500,math500_level45_random100_10samples,/Users/czqz/440-project/Reasoning-Motifs/data/traces/math500_level45_random100_10samples.csv,5,19,poly,POLY_INSTANTIATE_ROOT_VARIABLES_AND_VIETA|POLY_DERIVE_SQUARE_SUM_CONSTRAINT|POLY_ENUMERATE_INTEGER_ROOT_TRIPLES_WITH_ERRORS|POLY_COMPUTE_WRONG_CANDIDATE_A_C_PAIRS|POLY_MISINTERPRET_DIALOGUE_CONSTRAINT_ON_A|POLY_IDENTIFY_WRONG_TWO_C_VALUES|POLY_COMPUTE_FINAL_C_SUM
5,3,6,"Steve says to Jon, ""I am thinking of a polynomial whose roots are all positive integers. The polynomial has the form $P(x) = 2x^3-2ax^2+(a^2-81)x-c$ for some positive integers $a$ and $c$. Can you tell me the values of $a$ and $c$?""

After some calculations, Jon says, ""There is more than one such polynomial.""

Steve says, ""You're right. Here is the value of $a$."" He writes down a positive integer and asks, ""Can you tell me the value of $c$?""

Jon says, ""There are still two possible values of $c$.""

Find the sum of the two possible values of $c$.",440,440,True,True,Qwen/Qwen3.5-9B,229,1828,0,stop,ofpE8k1-7ArivV-9eef2a5ada2023f4,,math500_level45_random100_10samples:q5,math_500,math500_level45_random100_10samples,/Users/czqz/440-project/Reasoning-Motifs/data/traces/math500_level45_random100_10samples.csv,5,19,poly,POLY_INSTANTIATE_ROOT_VARIABLES_AND_VIETA|POLY_DERIVE_SQUARE_SUM_CONSTRAINT|POLY_ENUMERATE_INTEGER_ROOT_TRIPLES|POLY_COMPUTE_CANDIDATE_A_C_PAIRS|POLY_INTERPRET_DIALOGUE_CONSTRAINT_ON_A|POLY_IDENTIFY_TWO_FEASIBLE_C_VALUES|POLY_COMPUTE_FINAL_C_SUM
5,4,7,"Steve says to Jon, ""I am thinking of a polynomial whose roots are all positive integers. The polynomial has the form $P(x) = 2x^3-2ax^2+(a^2-81)x-c$ for some positive integers $a$ and $c$. Can you tell me the values of $a$ and $c$?""

After some calculations, Jon says, ""There is more than one such polynomial.""

Steve says, ""You're right. Here is the value of $a$."" He writes down a positive integer and asks, ""Can you tell me the value of $c$?""

Jon says, ""There are still two possible values of $c$.""

Find the sum of the two possible values of $c$.",440,440,True,True,Qwen/Qwen3.5-9B,229,1855,0,stop,ofpELbc-3pDw3Z-9eef2b53a809b218,,math500_level45_random100_10samples:q5,math_500,math500_level45_random100_10samples,/Users/czqz/440-project/Reasoning-Motifs/data/traces/math500_level45_random100_10samples.csv,5,19,poly,POLY_INSTANTIATE_ROOT_VARIABLES_AND_VIETA|POLY_DERIVE_SQUARE_SUM_CONSTRAINT|POLY_ENUMERATE_INTEGER_ROOT_TRIPLES|POLY_COMPUTE_CANDIDATE_A_C_PAIRS|POLY_INTERPRET_DIALOGUE_CONSTRAINT_ON_A|POLY_IDENTIFY_TWO_FEASIBLE_C_VALUES|POLY_COMPUTE_FINAL_C_SUM
5,5,12,"Steve says to Jon, ""I am thinking of a polynomial whose roots are all positive integers. The polynomial has the form $P(x) = 2x^3-2ax^2+(a^2-81)x-c$ for some positive integers $a$ and $c$. Can you tell me the values of $a$ and $c$?""

After some calculations, Jon says, ""There is more than one such polynomial.""

Steve says, ""You're right. Here is the value of $a$."" He writes down a positive integer and asks, ""Can you tell me the value of $c$?""

Jon says, ""There are still two possible values of $c$.""

Find the sum of the two possible values of $c$.",440,440,True,True,Qwen/Qwen3.5-9B,229,1905,0,stop,ofpFNTi-3pDw3Z-9eef303dcd2b243a,,math500_level45_random100_10samples:q5,math_500,math500_level45_random100_10samples,/Users/czqz/440-project/Reasoning-Motifs/data/traces/math500_level45_random100_10samples.csv,5,19,poly,POLY_INSTANTIATE_ROOT_VARIABLES_AND_VIETA|POLY_DERIVE_SQUARE_SUM_CONSTRAINT|POLY_ENUMERATE_INTEGER_ROOT_TRIPLES|POLY_COMPUTE_CANDIDATE_A_C_PAIRS|POLY_INTERPRET_DIALOGUE_CONSTRAINT_ON_A|POLY_IDENTIFY_TWO_FEASIBLE_C_VALUES|POLY_COMPUTE_FINAL_C_SUM
5,6,14,"Steve says to Jon, ""I am thinking of a polynomial whose roots are all positive integers. The polynomial has the form $P(x) = 2x^3-2ax^2+(a^2-81)x-c$ for some positive integers $a$ and $c$. Can you tell me the values of $a$ and $c$?""

After some calculations, Jon says, ""There is more than one such polynomial.""

Steve says, ""You're right. Here is the value of $a$."" He writes down a positive integer and asks, ""Can you tell me the value of $c$?""

Jon says, ""There are still two possible values of $c$.""

Find the sum of the two possible values of $c$.",440,440,True,True,Qwen/Qwen3.5-9B,229,1666,0,stop,ofpFfyT-3pDw3Z-9eef31ae8d445edc,,math500_level45_random100_10samples:q5,math_500,math500_level45_random100_10samples,/Users/czqz/440-project/Reasoning-Motifs/data/traces/math500_level45_random100_10samples.csv,5,19,poly,POLY_INSTANTIATE_ROOT_VARIABLES_AND_VIETA|POLY_DERIVE_SQUARE_SUM_CONSTRAINT|POLY_ENUMERATE_INTEGER_ROOT_TRIPLES|POLY_COMPUTE_CANDIDATE_A_C_PAIRS|POLY_INTERPRET_DIALOGUE_CONSTRAINT_ON_A|POLY_IDENTIFY_TWO_FEASIBLE_C_VALUES|POLY_COMPUTE_FINAL_C_SUM
5,7,16,"Steve says to Jon, ""I am thinking of a polynomial whose roots are all positive integers. The polynomial has the form $P(x) = 2x^3-2ax^2+(a^2-81)x-c$ for some positive integers $a$ and $c$. Can you tell me the values of $a$ and $c$?""

After some calculations, Jon says, ""There is more than one such polynomial.""

Steve says, ""You're right. Here is the value of $a$."" He writes down a positive integer and asks, ""Can you tell me the value of $c$?""

Jon says, ""There are still two possible values of $c$.""

Find the sum of the two possible values of $c$.",440,440,True,True,Qwen/Qwen3.5-9B,229,1833,0,stop,ofpG5Do-6Ng1vN-9eef3399bad42ae2,,math500_level45_random100_10samples:q5,math_500,math500_level45_random100_10samples,/Users/czqz/440-project/Reasoning-Motifs/data/traces/math500_level45_random100_10samples.csv,5,19,poly,POLY_INSTANTIATE_ROOT_VARIABLES_AND_VIETA|POLY_DERIVE_SQUARE_SUM_CONSTRAINT|POLY_ENUMERATE_INTEGER_ROOT_TRIPLES|POLY_COMPUTE_CANDIDATE_A_C_PAIRS|POLY_INTERPRET_DIALOGUE_CONSTRAINT_ON_A|POLY_IDENTIFY_TWO_FEASIBLE_C_VALUES|POLY_COMPUTE_FINAL_C_SUM
5,8,18,"Steve says to Jon, ""I am thinking of a polynomial whose roots are all positive integers. The polynomial has the form $P(x) = 2x^3-2ax^2+(a^2-81)x-c$ for some positive integers $a$ and $c$. Can you tell me the values of $a$ and $c$?""

After some calculations, Jon says, ""There is more than one such polynomial.""

Steve says, ""You're right. Here is the value of $a$."" He writes down a positive integer and asks, ""Can you tell me the value of $c$?""

Jon says, ""There are still two possible values of $c$.""

Find the sum of the two possible values of $c$.",440,440,True,True,Qwen/Qwen3.5-9B,229,1687,0,stop,ofpGUcL-6Ng1vN-9eef358299e01a75,,math500_level45_random100_10samples:q5,math_500,math500_level45_random100_10samples,/Users/czqz/440-project/Reasoning-Motifs/data/traces/math500_level45_random100_10samples.csv,5,19,poly,POLY_INSTANTIATE_ROOT_VARIABLES_AND_VIETA|POLY_DERIVE_SQUARE_SUM_CONSTRAINT|POLY_ENUMERATE_INTEGER_ROOT_TRIPLES|POLY_COMPUTE_CANDIDATE_A_C_PAIRS|POLY_INTERPRET_DIALOGUE_CONSTRAINT_ON_A|POLY_IDENTIFY_TWO_FEASIBLE_C_VALUES|POLY_COMPUTE_FINAL_C_SUM
5,9,19,"Steve says to Jon, ""I am thinking of a polynomial whose roots are all positive integers. The polynomial has the form $P(x) = 2x^3-2ax^2+(a^2-81)x-c$ for some positive integers $a$ and $c$. Can you tell me the values of $a$ and $c$?""

After some calculations, Jon says, ""There is more than one such polynomial.""

Steve says, ""You're right. Here is the value of $a$."" He writes down a positive integer and asks, ""Can you tell me the value of $c$?""

Jon says, ""There are still two possible values of $c$.""

Find the sum of the two possible values of $c$.",440,440,True,True,Qwen/Qwen3.5-9B,229,1880,0,stop,ofpGeMr-6Ng1vN-9eef364ecb935fdd,,math500_level45_random100_10samples:q5,math_500,math500_level45_random100_10samples,/Users/czqz/440-project/Reasoning-Motifs/data/traces/math500_level45_random100_10samples.csv,5,19,poly,POLY_INSTANTIATE_ROOT_VARIABLES_AND_VIETA|POLY_DERIVE_SQUARE_SUM_CONSTRAINT|POLY_ENUMERATE_INTEGER_ROOT_TRIPLES|POLY_COMPUTE_CANDIDATE_A_C_PAIRS|POLY_INTERPRET_DIALOGUE_CONSTRAINT_ON_A|POLY_IDENTIFY_TWO_FEASIBLE_C_VALUES|POLY_COMPUTE_FINAL_C_SUM
